{
  "ABIRoot": {
    "kind": "Root",
    "name": "AdvergicSDK",
    "printedName": "AdvergicSDK",
    "children": [
      {
        "kind": "Import",
        "name": "Foundation",
        "printedName": "Foundation",
        "declKind": "Import",
        "moduleName": "AdvergicSDK",
        "declAttributes": [
          "RawDocComment"
        ]
      },
      {
        "kind": "Import",
        "name": "Foundation",
        "printedName": "Foundation",
        "declKind": "Import",
        "moduleName": "AdvergicSDK",
        "declAttributes": [
          "RawDocComment"
        ]
      },
      {
        "kind": "Import",
        "name": "Foundation",
        "printedName": "Foundation",
        "declKind": "Import",
        "moduleName": "AdvergicSDK",
        "declAttributes": [
          "RawDocComment"
        ]
      },
      {
        "kind": "TypeDecl",
        "name": "AdUnits",
        "printedName": "AdUnits",
        "children": [
          {
            "kind": "Var",
            "name": "adUnitID",
            "printedName": "adUnitID",
            "children": [
              {
                "kind": "TypeNominal",
                "name": "String",
                "printedName": "Swift.String",
                "usr": "s:SS"
              }
            ],
            "declKind": "Var",
            "usr": "s:11AdvergicSDK7AdUnitsC8adUnitIDSSvp",
            "mangledName": "$s11AdvergicSDK7AdUnitsC8adUnitIDSSvp",
            "moduleName": "AdvergicSDK",
            "declAttributes": [
              "HasStorage",
              "AccessControl"
            ],
            "hasStorage": true,
            "accessors": [
              {
                "kind": "Accessor",
                "name": "Get",
                "printedName": "Get()",
                "children": [
                  {
                    "kind": "TypeNominal",
                    "name": "String",
                    "printedName": "Swift.String",
                    "usr": "s:SS"
                  }
                ],
                "declKind": "Accessor",
                "usr": "s:11AdvergicSDK7AdUnitsC8adUnitIDSSvg",
                "mangledName": "$s11AdvergicSDK7AdUnitsC8adUnitIDSSvg",
                "moduleName": "AdvergicSDK",
                "implicit": true,
                "accessorKind": "get"
              },
              {
                "kind": "Accessor",
                "name": "Set",
                "printedName": "Set()",
                "children": [
                  {
                    "kind": "TypeNominal",
                    "name": "Void",
                    "printedName": "()"
                  },
                  {
                    "kind": "TypeNominal",
                    "name": "String",
                    "printedName": "Swift.String",
                    "usr": "s:SS"
                  }
                ],
                "declKind": "Accessor",
                "usr": "s:11AdvergicSDK7AdUnitsC8adUnitIDSSvs",
                "mangledName": "$s11AdvergicSDK7AdUnitsC8adUnitIDSSvs",
                "moduleName": "AdvergicSDK",
                "implicit": true,
                "accessorKind": "set"
              },
              {
                "kind": "Accessor",
                "name": "Modify",
                "printedName": "Modify()",
                "children": [
                  {
                    "kind": "TypeNominal",
                    "name": "Void",
                    "printedName": "()"
                  }
                ],
                "declKind": "Accessor",
                "usr": "s:11AdvergicSDK7AdUnitsC8adUnitIDSSvM",
                "mangledName": "$s11AdvergicSDK7AdUnitsC8adUnitIDSSvM",
                "moduleName": "AdvergicSDK",
                "implicit": true,
                "accessorKind": "_modify"
              }
            ]
          },
          {
            "kind": "Var",
            "name": "adUnitType",
            "printedName": "adUnitType",
            "children": [
              {
                "kind": "TypeNominal",
                "name": "String",
                "printedName": "Swift.String",
                "usr": "s:SS"
              }
            ],
            "declKind": "Var",
            "usr": "s:11AdvergicSDK7AdUnitsC10adUnitTypeSSvp",
            "mangledName": "$s11AdvergicSDK7AdUnitsC10adUnitTypeSSvp",
            "moduleName": "AdvergicSDK",
            "declAttributes": [
              "HasStorage",
              "AccessControl"
            ],
            "hasStorage": true,
            "accessors": [
              {
                "kind": "Accessor",
                "name": "Get",
                "printedName": "Get()",
                "children": [
                  {
                    "kind": "TypeNominal",
                    "name": "String",
                    "printedName": "Swift.String",
                    "usr": "s:SS"
                  }
                ],
                "declKind": "Accessor",
                "usr": "s:11AdvergicSDK7AdUnitsC10adUnitTypeSSvg",
                "mangledName": "$s11AdvergicSDK7AdUnitsC10adUnitTypeSSvg",
                "moduleName": "AdvergicSDK",
                "implicit": true,
                "accessorKind": "get"
              },
              {
                "kind": "Accessor",
                "name": "Set",
                "printedName": "Set()",
                "children": [
                  {
                    "kind": "TypeNominal",
                    "name": "Void",
                    "printedName": "()"
                  },
                  {
                    "kind": "TypeNominal",
                    "name": "String",
                    "printedName": "Swift.String",
                    "usr": "s:SS"
                  }
                ],
                "declKind": "Accessor",
                "usr": "s:11AdvergicSDK7AdUnitsC10adUnitTypeSSvs",
                "mangledName": "$s11AdvergicSDK7AdUnitsC10adUnitTypeSSvs",
                "moduleName": "AdvergicSDK",
                "implicit": true,
                "accessorKind": "set"
              },
              {
                "kind": "Accessor",
                "name": "Modify",
                "printedName": "Modify()",
                "children": [
                  {
                    "kind": "TypeNominal",
                    "name": "Void",
                    "printedName": "()"
                  }
                ],
                "declKind": "Accessor",
                "usr": "s:11AdvergicSDK7AdUnitsC10adUnitTypeSSvM",
                "mangledName": "$s11AdvergicSDK7AdUnitsC10adUnitTypeSSvM",
                "moduleName": "AdvergicSDK",
                "implicit": true,
                "accessorKind": "_modify"
              }
            ]
          },
          {
            "kind": "Var",
            "name": "configID",
            "printedName": "configID",
            "children": [
              {
                "kind": "TypeNominal",
                "name": "String",
                "printedName": "Swift.String",
                "usr": "s:SS"
              }
            ],
            "declKind": "Var",
            "usr": "s:11AdvergicSDK7AdUnitsC8configIDSSvp",
            "mangledName": "$s11AdvergicSDK7AdUnitsC8configIDSSvp",
            "moduleName": "AdvergicSDK",
            "declAttributes": [
              "HasStorage",
              "AccessControl"
            ],
            "hasStorage": true,
            "accessors": [
              {
                "kind": "Accessor",
                "name": "Get",
                "printedName": "Get()",
                "children": [
                  {
                    "kind": "TypeNominal",
                    "name": "String",
                    "printedName": "Swift.String",
                    "usr": "s:SS"
                  }
                ],
                "declKind": "Accessor",
                "usr": "s:11AdvergicSDK7AdUnitsC8configIDSSvg",
                "mangledName": "$s11AdvergicSDK7AdUnitsC8configIDSSvg",
                "moduleName": "AdvergicSDK",
                "implicit": true,
                "accessorKind": "get"
              },
              {
                "kind": "Accessor",
                "name": "Set",
                "printedName": "Set()",
                "children": [
                  {
                    "kind": "TypeNominal",
                    "name": "Void",
                    "printedName": "()"
                  },
                  {
                    "kind": "TypeNominal",
                    "name": "String",
                    "printedName": "Swift.String",
                    "usr": "s:SS"
                  }
                ],
                "declKind": "Accessor",
                "usr": "s:11AdvergicSDK7AdUnitsC8configIDSSvs",
                "mangledName": "$s11AdvergicSDK7AdUnitsC8configIDSSvs",
                "moduleName": "AdvergicSDK",
                "implicit": true,
                "accessorKind": "set"
              },
              {
                "kind": "Accessor",
                "name": "Modify",
                "printedName": "Modify()",
                "children": [
                  {
                    "kind": "TypeNominal",
                    "name": "Void",
                    "printedName": "()"
                  }
                ],
                "declKind": "Accessor",
                "usr": "s:11AdvergicSDK7AdUnitsC8configIDSSvM",
                "mangledName": "$s11AdvergicSDK7AdUnitsC8configIDSSvM",
                "moduleName": "AdvergicSDK",
                "implicit": true,
                "accessorKind": "_modify"
              }
            ]
          },
          {
            "kind": "Var",
            "name": "autozone",
            "printedName": "autozone",
            "children": [
              {
                "kind": "TypeNominal",
                "name": "String",
                "printedName": "Swift.String",
                "usr": "s:SS"
              }
            ],
            "declKind": "Var",
            "usr": "s:11AdvergicSDK7AdUnitsC8autozoneSSvp",
            "mangledName": "$s11AdvergicSDK7AdUnitsC8autozoneSSvp",
            "moduleName": "AdvergicSDK",
            "declAttributes": [
              "HasStorage",
              "AccessControl"
            ],
            "hasStorage": true,
            "accessors": [
              {
                "kind": "Accessor",
                "name": "Get",
                "printedName": "Get()",
                "children": [
                  {
                    "kind": "TypeNominal",
                    "name": "String",
                    "printedName": "Swift.String",
                    "usr": "s:SS"
                  }
                ],
                "declKind": "Accessor",
                "usr": "s:11AdvergicSDK7AdUnitsC8autozoneSSvg",
                "mangledName": "$s11AdvergicSDK7AdUnitsC8autozoneSSvg",
                "moduleName": "AdvergicSDK",
                "implicit": true,
                "accessorKind": "get"
              },
              {
                "kind": "Accessor",
                "name": "Set",
                "printedName": "Set()",
                "children": [
                  {
                    "kind": "TypeNominal",
                    "name": "Void",
                    "printedName": "()"
                  },
                  {
                    "kind": "TypeNominal",
                    "name": "String",
                    "printedName": "Swift.String",
                    "usr": "s:SS"
                  }
                ],
                "declKind": "Accessor",
                "usr": "s:11AdvergicSDK7AdUnitsC8autozoneSSvs",
                "mangledName": "$s11AdvergicSDK7AdUnitsC8autozoneSSvs",
                "moduleName": "AdvergicSDK",
                "implicit": true,
                "accessorKind": "set"
              },
              {
                "kind": "Accessor",
                "name": "Modify",
                "printedName": "Modify()",
                "children": [
                  {
                    "kind": "TypeNominal",
                    "name": "Void",
                    "printedName": "()"
                  }
                ],
                "declKind": "Accessor",
                "usr": "s:11AdvergicSDK7AdUnitsC8autozoneSSvM",
                "mangledName": "$s11AdvergicSDK7AdUnitsC8autozoneSSvM",
                "moduleName": "AdvergicSDK",
                "implicit": true,
                "accessorKind": "_modify"
              }
            ]
          },
          {
            "kind": "Var",
            "name": "sportsticky",
            "printedName": "sportsticky",
            "children": [
              {
                "kind": "TypeNominal",
                "name": "Bool",
                "printedName": "Swift.Bool",
                "usr": "s:Sb"
              }
            ],
            "declKind": "Var",
            "usr": "s:11AdvergicSDK7AdUnitsC11sportstickySbvp",
            "mangledName": "$s11AdvergicSDK7AdUnitsC11sportstickySbvp",
            "moduleName": "AdvergicSDK",
            "declAttributes": [
              "HasStorage",
              "AccessControl"
            ],
            "hasStorage": true,
            "accessors": [
              {
                "kind": "Accessor",
                "name": "Get",
                "printedName": "Get()",
                "children": [
                  {
                    "kind": "TypeNominal",
                    "name": "Bool",
                    "printedName": "Swift.Bool",
                    "usr": "s:Sb"
                  }
                ],
                "declKind": "Accessor",
                "usr": "s:11AdvergicSDK7AdUnitsC11sportstickySbvg",
                "mangledName": "$s11AdvergicSDK7AdUnitsC11sportstickySbvg",
                "moduleName": "AdvergicSDK",
                "implicit": true,
                "accessorKind": "get"
              },
              {
                "kind": "Accessor",
                "name": "Set",
                "printedName": "Set()",
                "children": [
                  {
                    "kind": "TypeNominal",
                    "name": "Void",
                    "printedName": "()"
                  },
                  {
                    "kind": "TypeNominal",
                    "name": "Bool",
                    "printedName": "Swift.Bool",
                    "usr": "s:Sb"
                  }
                ],
                "declKind": "Accessor",
                "usr": "s:11AdvergicSDK7AdUnitsC11sportstickySbvs",
                "mangledName": "$s11AdvergicSDK7AdUnitsC11sportstickySbvs",
                "moduleName": "AdvergicSDK",
                "implicit": true,
                "accessorKind": "set"
              },
              {
                "kind": "Accessor",
                "name": "Modify",
                "printedName": "Modify()",
                "children": [
                  {
                    "kind": "TypeNominal",
                    "name": "Void",
                    "printedName": "()"
                  }
                ],
                "declKind": "Accessor",
                "usr": "s:11AdvergicSDK7AdUnitsC11sportstickySbvM",
                "mangledName": "$s11AdvergicSDK7AdUnitsC11sportstickySbvM",
                "moduleName": "AdvergicSDK",
                "implicit": true,
                "accessorKind": "_modify"
              }
            ]
          },
          {
            "kind": "Var",
            "name": "parallax",
            "printedName": "parallax",
            "children": [
              {
                "kind": "TypeNominal",
                "name": "Bool",
                "printedName": "Swift.Bool",
                "usr": "s:Sb"
              }
            ],
            "declKind": "Var",
            "usr": "s:11AdvergicSDK7AdUnitsC8parallaxSbvp",
            "mangledName": "$s11AdvergicSDK7AdUnitsC8parallaxSbvp",
            "moduleName": "AdvergicSDK",
            "declAttributes": [
              "HasStorage",
              "AccessControl"
            ],
            "hasStorage": true,
            "accessors": [
              {
                "kind": "Accessor",
                "name": "Get",
                "printedName": "Get()",
                "children": [
                  {
                    "kind": "TypeNominal",
                    "name": "Bool",
                    "printedName": "Swift.Bool",
                    "usr": "s:Sb"
                  }
                ],
                "declKind": "Accessor",
                "usr": "s:11AdvergicSDK7AdUnitsC8parallaxSbvg",
                "mangledName": "$s11AdvergicSDK7AdUnitsC8parallaxSbvg",
                "moduleName": "AdvergicSDK",
                "implicit": true,
                "accessorKind": "get"
              },
              {
                "kind": "Accessor",
                "name": "Set",
                "printedName": "Set()",
                "children": [
                  {
                    "kind": "TypeNominal",
                    "name": "Void",
                    "printedName": "()"
                  },
                  {
                    "kind": "TypeNominal",
                    "name": "Bool",
                    "printedName": "Swift.Bool",
                    "usr": "s:Sb"
                  }
                ],
                "declKind": "Accessor",
                "usr": "s:11AdvergicSDK7AdUnitsC8parallaxSbvs",
                "mangledName": "$s11AdvergicSDK7AdUnitsC8parallaxSbvs",
                "moduleName": "AdvergicSDK",
                "implicit": true,
                "accessorKind": "set"
              },
              {
                "kind": "Accessor",
                "name": "Modify",
                "printedName": "Modify()",
                "children": [
                  {
                    "kind": "TypeNominal",
                    "name": "Void",
                    "printedName": "()"
                  }
                ],
                "declKind": "Accessor",
                "usr": "s:11AdvergicSDK7AdUnitsC8parallaxSbvM",
                "mangledName": "$s11AdvergicSDK7AdUnitsC8parallaxSbvM",
                "moduleName": "AdvergicSDK",
                "implicit": true,
                "accessorKind": "_modify"
              }
            ]
          },
          {
            "kind": "Var",
            "name": "lazy",
            "printedName": "lazy",
            "children": [
              {
                "kind": "TypeNominal",
                "name": "Bool",
                "printedName": "Swift.Bool",
                "usr": "s:Sb"
              }
            ],
            "declKind": "Var",
            "usr": "s:11AdvergicSDK7AdUnitsC4lazySbvp",
            "mangledName": "$s11AdvergicSDK7AdUnitsC4lazySbvp",
            "moduleName": "AdvergicSDK",
            "declAttributes": [
              "HasStorage",
              "AccessControl"
            ],
            "hasStorage": true,
            "accessors": [
              {
                "kind": "Accessor",
                "name": "Get",
                "printedName": "Get()",
                "children": [
                  {
                    "kind": "TypeNominal",
                    "name": "Bool",
                    "printedName": "Swift.Bool",
                    "usr": "s:Sb"
                  }
                ],
                "declKind": "Accessor",
                "usr": "s:11AdvergicSDK7AdUnitsC4lazySbvg",
                "mangledName": "$s11AdvergicSDK7AdUnitsC4lazySbvg",
                "moduleName": "AdvergicSDK",
                "implicit": true,
                "accessorKind": "get"
              },
              {
                "kind": "Accessor",
                "name": "Set",
                "printedName": "Set()",
                "children": [
                  {
                    "kind": "TypeNominal",
                    "name": "Void",
                    "printedName": "()"
                  },
                  {
                    "kind": "TypeNominal",
                    "name": "Bool",
                    "printedName": "Swift.Bool",
                    "usr": "s:Sb"
                  }
                ],
                "declKind": "Accessor",
                "usr": "s:11AdvergicSDK7AdUnitsC4lazySbvs",
                "mangledName": "$s11AdvergicSDK7AdUnitsC4lazySbvs",
                "moduleName": "AdvergicSDK",
                "implicit": true,
                "accessorKind": "set"
              },
              {
                "kind": "Accessor",
                "name": "Modify",
                "printedName": "Modify()",
                "children": [
                  {
                    "kind": "TypeNominal",
                    "name": "Void",
                    "printedName": "()"
                  }
                ],
                "declKind": "Accessor",
                "usr": "s:11AdvergicSDK7AdUnitsC4lazySbvM",
                "mangledName": "$s11AdvergicSDK7AdUnitsC4lazySbvM",
                "moduleName": "AdvergicSDK",
                "implicit": true,
                "accessorKind": "_modify"
              }
            ]
          },
          {
            "kind": "Var",
            "name": "mediaType",
            "printedName": "mediaType",
            "children": [
              {
                "kind": "TypeNominal",
                "name": "Mediatype",
                "printedName": "AdvergicSDK.Mediatype",
                "usr": "c:@M@AdvergicSDK@objc(cs)Mediatype"
              }
            ],
            "declKind": "Var",
            "usr": "s:11AdvergicSDK7AdUnitsC9mediaTypeAA9MediatypeCvp",
            "mangledName": "$s11AdvergicSDK7AdUnitsC9mediaTypeAA9MediatypeCvp",
            "moduleName": "AdvergicSDK",
            "declAttributes": [
              "HasStorage",
              "AccessControl"
            ],
            "hasStorage": true,
            "accessors": [
              {
                "kind": "Accessor",
                "name": "Get",
                "printedName": "Get()",
                "children": [
                  {
                    "kind": "TypeNominal",
                    "name": "Mediatype",
                    "printedName": "AdvergicSDK.Mediatype",
                    "usr": "c:@M@AdvergicSDK@objc(cs)Mediatype"
                  }
                ],
                "declKind": "Accessor",
                "usr": "s:11AdvergicSDK7AdUnitsC9mediaTypeAA9MediatypeCvg",
                "mangledName": "$s11AdvergicSDK7AdUnitsC9mediaTypeAA9MediatypeCvg",
                "moduleName": "AdvergicSDK",
                "implicit": true,
                "accessorKind": "get"
              },
              {
                "kind": "Accessor",
                "name": "Set",
                "printedName": "Set()",
                "children": [
                  {
                    "kind": "TypeNominal",
                    "name": "Void",
                    "printedName": "()"
                  },
                  {
                    "kind": "TypeNominal",
                    "name": "Mediatype",
                    "printedName": "AdvergicSDK.Mediatype",
                    "usr": "c:@M@AdvergicSDK@objc(cs)Mediatype"
                  }
                ],
                "declKind": "Accessor",
                "usr": "s:11AdvergicSDK7AdUnitsC9mediaTypeAA9MediatypeCvs",
                "mangledName": "$s11AdvergicSDK7AdUnitsC9mediaTypeAA9MediatypeCvs",
                "moduleName": "AdvergicSDK",
                "implicit": true,
                "accessorKind": "set"
              },
              {
                "kind": "Accessor",
                "name": "Modify",
                "printedName": "Modify()",
                "children": [
                  {
                    "kind": "TypeNominal",
                    "name": "Void",
                    "printedName": "()"
                  }
                ],
                "declKind": "Accessor",
                "usr": "s:11AdvergicSDK7AdUnitsC9mediaTypeAA9MediatypeCvM",
                "mangledName": "$s11AdvergicSDK7AdUnitsC9mediaTypeAA9MediatypeCvM",
                "moduleName": "AdvergicSDK",
                "implicit": true,
                "accessorKind": "_modify"
              }
            ]
          },
          {
            "kind": "Var",
            "name": "bids",
            "printedName": "bids",
            "children": [
              {
                "kind": "TypeNominal",
                "name": "Array",
                "printedName": "[AdvergicSDK.Bid]",
                "children": [
                  {
                    "kind": "TypeNominal",
                    "name": "Bid",
                    "printedName": "AdvergicSDK.Bid",
                    "usr": "c:@M@AdvergicSDK@objc(cs)Bid"
                  }
                ],
                "usr": "s:Sa"
              }
            ],
            "declKind": "Var",
            "usr": "s:11AdvergicSDK7AdUnitsC4bidsSayAA3BidCGvp",
            "mangledName": "$s11AdvergicSDK7AdUnitsC4bidsSayAA3BidCGvp",
            "moduleName": "AdvergicSDK",
            "declAttributes": [
              "HasStorage",
              "AccessControl"
            ],
            "hasStorage": true,
            "accessors": [
              {
                "kind": "Accessor",
                "name": "Get",
                "printedName": "Get()",
                "children": [
                  {
                    "kind": "TypeNominal",
                    "name": "Array",
                    "printedName": "[AdvergicSDK.Bid]",
                    "children": [
                      {
                        "kind": "TypeNominal",
                        "name": "Bid",
                        "printedName": "AdvergicSDK.Bid",
                        "usr": "c:@M@AdvergicSDK@objc(cs)Bid"
                      }
                    ],
                    "usr": "s:Sa"
                  }
                ],
                "declKind": "Accessor",
                "usr": "s:11AdvergicSDK7AdUnitsC4bidsSayAA3BidCGvg",
                "mangledName": "$s11AdvergicSDK7AdUnitsC4bidsSayAA3BidCGvg",
                "moduleName": "AdvergicSDK",
                "implicit": true,
                "accessorKind": "get"
              },
              {
                "kind": "Accessor",
                "name": "Set",
                "printedName": "Set()",
                "children": [
                  {
                    "kind": "TypeNominal",
                    "name": "Void",
                    "printedName": "()"
                  },
                  {
                    "kind": "TypeNominal",
                    "name": "Array",
                    "printedName": "[AdvergicSDK.Bid]",
                    "children": [
                      {
                        "kind": "TypeNominal",
                        "name": "Bid",
                        "printedName": "AdvergicSDK.Bid",
                        "usr": "c:@M@AdvergicSDK@objc(cs)Bid"
                      }
                    ],
                    "usr": "s:Sa"
                  }
                ],
                "declKind": "Accessor",
                "usr": "s:11AdvergicSDK7AdUnitsC4bidsSayAA3BidCGvs",
                "mangledName": "$s11AdvergicSDK7AdUnitsC4bidsSayAA3BidCGvs",
                "moduleName": "AdvergicSDK",
                "implicit": true,
                "accessorKind": "set"
              },
              {
                "kind": "Accessor",
                "name": "Modify",
                "printedName": "Modify()",
                "children": [
                  {
                    "kind": "TypeNominal",
                    "name": "Void",
                    "printedName": "()"
                  }
                ],
                "declKind": "Accessor",
                "usr": "s:11AdvergicSDK7AdUnitsC4bidsSayAA3BidCGvM",
                "mangledName": "$s11AdvergicSDK7AdUnitsC4bidsSayAA3BidCGvM",
                "moduleName": "AdvergicSDK",
                "implicit": true,
                "accessorKind": "_modify"
              }
            ]
          }
        ],
        "declKind": "Class",
        "usr": "c:@M@AdvergicSDK@objc(cs)AdUnits",
        "mangledName": "$s11AdvergicSDK7AdUnitsC",
        "moduleName": "AdvergicSDK",
        "declAttributes": [
          "AccessControl",
          "ObjC"
        ],
        "superclassUsr": "c:objc(cs)NSObject",
        "hasMissingDesignatedInitializers": true,
        "inheritsConvenienceInitializers": true,
        "superclassNames": [
          "ObjectiveC.NSObject"
        ],
        "conformances": [
          {
            "kind": "Conformance",
            "name": "Copyable",
            "printedName": "Copyable",
            "usr": "s:s8CopyableP",
            "mangledName": "$ss8CopyableP"
          },
          {
            "kind": "Conformance",
            "name": "Escapable",
            "printedName": "Escapable",
            "usr": "s:s9EscapableP",
            "mangledName": "$ss9EscapableP"
          },
          {
            "kind": "Conformance",
            "name": "Equatable",
            "printedName": "Equatable",
            "usr": "s:SQ",
            "mangledName": "$sSQ"
          },
          {
            "kind": "Conformance",
            "name": "Hashable",
            "printedName": "Hashable",
            "usr": "s:SH",
            "mangledName": "$sSH"
          },
          {
            "kind": "Conformance",
            "name": "CVarArg",
            "printedName": "CVarArg",
            "usr": "s:s7CVarArgP",
            "mangledName": "$ss7CVarArgP"
          },
          {
            "kind": "Conformance",
            "name": "_KeyValueCodingAndObservingPublishing",
            "printedName": "_KeyValueCodingAndObservingPublishing",
            "usr": "s:10Foundation37_KeyValueCodingAndObservingPublishingP",
            "mangledName": "$s10Foundation37_KeyValueCodingAndObservingPublishingP"
          },
          {
            "kind": "Conformance",
            "name": "_KeyValueCodingAndObserving",
            "printedName": "_KeyValueCodingAndObserving",
            "usr": "s:10Foundation27_KeyValueCodingAndObservingP",
            "mangledName": "$s10Foundation27_KeyValueCodingAndObservingP"
          },
          {
            "kind": "Conformance",
            "name": "CustomStringConvertible",
            "printedName": "CustomStringConvertible",
            "usr": "s:s23CustomStringConvertibleP",
            "mangledName": "$ss23CustomStringConvertibleP"
          },
          {
            "kind": "Conformance",
            "name": "CustomDebugStringConvertible",
            "printedName": "CustomDebugStringConvertible",
            "usr": "s:s28CustomDebugStringConvertibleP",
            "mangledName": "$ss28CustomDebugStringConvertibleP"
          }
        ]
      },
      {
        "kind": "Import",
        "name": "Foundation",
        "printedName": "Foundation",
        "declKind": "Import",
        "moduleName": "AdvergicSDK",
        "declAttributes": [
          "RawDocComment"
        ]
      },
      {
        "kind": "Import",
        "name": "UIKit",
        "printedName": "UIKit",
        "declKind": "Import",
        "moduleName": "AdvergicSDK"
      },
      {
        "kind": "Import",
        "name": "Foundation",
        "printedName": "Foundation",
        "declKind": "Import",
        "moduleName": "AdvergicSDK",
        "declAttributes": [
          "RawDocComment"
        ]
      },
      {
        "kind": "Import",
        "name": "Foundation",
        "printedName": "Foundation",
        "declKind": "Import",
        "moduleName": "AdvergicSDK",
        "declAttributes": [
          "RawDocComment"
        ]
      },
      {
        "kind": "Import",
        "name": "Foundation",
        "printedName": "Foundation",
        "declKind": "Import",
        "moduleName": "AdvergicSDK",
        "declAttributes": [
          "RawDocComment"
        ]
      },
      {
        "kind": "Import",
        "name": "PrebidMobile",
        "printedName": "PrebidMobile",
        "declKind": "Import",
        "moduleName": "AdvergicSDK"
      },
      {
        "kind": "Import",
        "name": "GoogleMobileAds",
        "printedName": "GoogleMobileAds",
        "declKind": "Import",
        "moduleName": "AdvergicSDK"
      },
      {
        "kind": "TypeDecl",
        "name": "AdvergicSDKClassProtocols",
        "printedName": "AdvergicSDKClassProtocols",
        "children": [
          {
            "kind": "Function",
            "name": "advergicBannerDidReceived",
            "printedName": "advergicBannerDidReceived()",
            "children": [
              {
                "kind": "TypeNominal",
                "name": "Void",
                "printedName": "()"
              }
            ],
            "declKind": "Func",
            "usr": "s:11AdvergicSDK0A17SDKClassProtocolsP25advergicBannerDidReceivedyyF",
            "mangledName": "$s11AdvergicSDK0A17SDKClassProtocolsP25advergicBannerDidReceivedyyF",
            "moduleName": "AdvergicSDK",
            "genericSig": "<τ_0_0 where τ_0_0 : AdvergicSDK.AdvergicSDKClassProtocols>",
            "sugared_genericSig": "<Self where Self : AdvergicSDK.AdvergicSDKClassProtocols>",
            "protocolReq": true,
            "declAttributes": [
              "RawDocComment"
            ],
            "reqNewWitnessTableEntry": true,
            "funcSelfKind": "NonMutating"
          }
        ],
        "declKind": "Protocol",
        "usr": "s:11AdvergicSDK0A17SDKClassProtocolsP",
        "mangledName": "$s11AdvergicSDK0A17SDKClassProtocolsP",
        "moduleName": "AdvergicSDK",
        "genericSig": "<τ_0_0 : AnyObject>",
        "sugared_genericSig": "<Self : AnyObject>",
        "declAttributes": [
          "AccessControl"
        ],
        "conformances": [
          {
            "kind": "Conformance",
            "name": "Escapable",
            "printedName": "Escapable",
            "usr": "s:s9EscapableP",
            "mangledName": "$ss9EscapableP"
          },
          {
            "kind": "Conformance",
            "name": "Copyable",
            "printedName": "Copyable",
            "usr": "s:s8CopyableP",
            "mangledName": "$ss8CopyableP"
          }
        ]
      },
      {
        "kind": "TypeDecl",
        "name": "AdvergicSDKClass",
        "printedName": "AdvergicSDKClass",
        "children": [
          {
            "kind": "Constructor",
            "name": "init",
            "printedName": "init()",
            "children": [
              {
                "kind": "TypeNominal",
                "name": "AdvergicSDKClass",
                "printedName": "AdvergicSDK.AdvergicSDKClass",
                "usr": "c:@M@AdvergicSDK@objc(cs)AdvergicSDKClass"
              }
            ],
            "declKind": "Constructor",
            "usr": "c:@M@AdvergicSDK@objc(cs)AdvergicSDKClass(im)init",
            "mangledName": "$s11AdvergicSDK0A8SDKClassCACycfc",
            "moduleName": "AdvergicSDK",
            "overriding": true,
            "objc_name": "init",
            "declAttributes": [
              "Dynamic",
              "ObjC",
              "Override",
              "AccessControl",
              "RawDocComment"
            ],
            "init_kind": "Designated"
          },
          {
            "kind": "Function",
            "name": "advergicInit",
            "printedName": "advergicInit()",
            "children": [
              {
                "kind": "TypeNominal",
                "name": "Void",
                "printedName": "()"
              }
            ],
            "declKind": "Func",
            "usr": "s:11AdvergicSDK0A8SDKClassC12advergicInityyF",
            "mangledName": "$s11AdvergicSDK0A8SDKClassC12advergicInityyF",
            "moduleName": "AdvergicSDK",
            "declAttributes": [
              "AccessControl",
              "RawDocComment"
            ],
            "isFromExtension": true,
            "funcSelfKind": "NonMutating"
          },
          {
            "kind": "Function",
            "name": "getAdvergicAdUnits",
            "printedName": "getAdvergicAdUnits()",
            "children": [
              {
                "kind": "TypeNominal",
                "name": "Array",
                "printedName": "[AdvergicSDK.AdUnits]",
                "children": [
                  {
                    "kind": "TypeNominal",
                    "name": "AdUnits",
                    "printedName": "AdvergicSDK.AdUnits",
                    "usr": "c:@M@AdvergicSDK@objc(cs)AdUnits"
                  }
                ],
                "usr": "s:Sa"
              }
            ],
            "declKind": "Func",
            "usr": "s:11AdvergicSDK0A8SDKClassC03getA7AdUnitsSayAA0eF0CGyF",
            "mangledName": "$s11AdvergicSDK0A8SDKClassC03getA7AdUnitsSayAA0eF0CGyF",
            "moduleName": "AdvergicSDK",
            "declAttributes": [
              "AccessControl",
              "RawDocComment"
            ],
            "isFromExtension": true,
            "funcSelfKind": "NonMutating"
          },
          {
            "kind": "Function",
            "name": "showAdvergicAd",
            "printedName": "showAdvergicAd(adUnitID:viewController:completion:)",
            "children": [
              {
                "kind": "TypeNominal",
                "name": "Void",
                "printedName": "()"
              },
              {
                "kind": "TypeNominal",
                "name": "String",
                "printedName": "Swift.String",
                "usr": "s:SS"
              },
              {
                "kind": "TypeNominal",
                "name": "UIViewController",
                "printedName": "UIKit.UIViewController",
                "usr": "c:objc(cs)UIViewController"
              },
              {
                "kind": "TypeFunc",
                "name": "Function",
                "printedName": "(GoogleMobileAds.AdManagerBannerView?, (any Swift.Error)?) -> ()",
                "children": [
                  {
                    "kind": "TypeNominal",
                    "name": "Void",
                    "printedName": "()"
                  },
                  {
                    "kind": "TypeNominal",
                    "name": "Tuple",
                    "printedName": "(GoogleMobileAds.AdManagerBannerView?, (any Swift.Error)?)",
                    "children": [
                      {
                        "kind": "TypeNominal",
                        "name": "Optional",
                        "printedName": "GoogleMobileAds.AdManagerBannerView?",
                        "children": [
                          {
                            "kind": "TypeNominal",
                            "name": "AdManagerBannerView",
                            "printedName": "GoogleMobileAds.AdManagerBannerView",
                            "usr": "c:objc(cs)GAMBannerView"
                          }
                        ],
                        "usr": "s:Sq"
                      },
                      {
                        "kind": "TypeNominal",
                        "name": "Optional",
                        "printedName": "(any Swift.Error)?",
                        "children": [
                          {
                            "kind": "TypeNominal",
                            "name": "Error",
                            "printedName": "any Swift.Error",
                            "usr": "s:s5ErrorP"
                          }
                        ],
                        "usr": "s:Sq"
                      }
                    ]
                  }
                ]
              }
            ],
            "declKind": "Func",
            "usr": "s:11AdvergicSDK0A8SDKClassC04showA2Ad8adUnitID14viewController10completionySS_So06UIViewJ0CySo13GAMBannerViewCSg_s5Error_pSgtctF",
            "mangledName": "$s11AdvergicSDK0A8SDKClassC04showA2Ad8adUnitID14viewController10completionySS_So06UIViewJ0CySo13GAMBannerViewCSg_s5Error_pSgtctF",
            "moduleName": "AdvergicSDK",
            "declAttributes": [
              "AccessControl",
              "RawDocComment"
            ],
            "isFromExtension": true,
            "funcSelfKind": "NonMutating"
          },
          {
            "kind": "Function",
            "name": "bannerViewDidReceiveAd",
            "printedName": "bannerViewDidReceiveAd(_:)",
            "children": [
              {
                "kind": "TypeNominal",
                "name": "Void",
                "printedName": "()"
              },
              {
                "kind": "TypeNominal",
                "name": "BannerView",
                "printedName": "GoogleMobileAds.BannerView",
                "usr": "c:objc(cs)GADBannerView"
              }
            ],
            "declKind": "Func",
            "usr": "c:@CM@AdvergicSDK@objc(cs)AdvergicSDKClass(im)bannerViewDidReceiveAd:",
            "mangledName": "$s11AdvergicSDK0A8SDKClassC22bannerViewDidReceiveAdyySo09GADBannerE0CF",
            "moduleName": "AdvergicSDK",
            "objc_name": "bannerViewDidReceiveAd:",
            "declAttributes": [
              "Dynamic",
              "ObjC",
              "Preconcurrency",
              "Custom",
              "AccessControl",
              "RawDocComment"
            ],
            "isFromExtension": true,
            "funcSelfKind": "NonMutating"
          },
          {
            "kind": "Function",
            "name": "bannerViewDidFailToReceiveAd",
            "printedName": "bannerViewDidFailToReceiveAd(_:withError:)",
            "children": [
              {
                "kind": "TypeNominal",
                "name": "Void",
                "printedName": "()"
              },
              {
                "kind": "TypeNominal",
                "name": "BannerView",
                "printedName": "GoogleMobileAds.BannerView",
                "usr": "c:objc(cs)GADBannerView"
              },
              {
                "kind": "TypeNominal",
                "name": "Error",
                "printedName": "any Swift.Error",
                "usr": "s:s5ErrorP"
              }
            ],
            "declKind": "Func",
            "usr": "s:11AdvergicSDK0A8SDKClassC28bannerViewDidFailToReceiveAd_9withErrorySo09GADBannerE0C_s0L0_ptF",
            "mangledName": "$s11AdvergicSDK0A8SDKClassC28bannerViewDidFailToReceiveAd_9withErrorySo09GADBannerE0C_s0L0_ptF",
            "moduleName": "AdvergicSDK",
            "declAttributes": [
              "AccessControl",
              "RawDocComment"
            ],
            "isFromExtension": true,
            "funcSelfKind": "NonMutating"
          },
          {
            "kind": "Function",
            "name": "bannerViewDidRecordImpression",
            "printedName": "bannerViewDidRecordImpression(_:)",
            "children": [
              {
                "kind": "TypeNominal",
                "name": "Void",
                "printedName": "()"
              },
              {
                "kind": "TypeNominal",
                "name": "BannerView",
                "printedName": "GoogleMobileAds.BannerView",
                "usr": "c:objc(cs)GADBannerView"
              }
            ],
            "declKind": "Func",
            "usr": "c:@CM@AdvergicSDK@objc(cs)AdvergicSDKClass(im)bannerViewDidRecordImpression:",
            "mangledName": "$s11AdvergicSDK0A8SDKClassC29bannerViewDidRecordImpressionyySo09GADBannerE0CF",
            "moduleName": "AdvergicSDK",
            "objc_name": "bannerViewDidRecordImpression:",
            "declAttributes": [
              "Dynamic",
              "ObjC",
              "Preconcurrency",
              "Custom",
              "AccessControl",
              "RawDocComment"
            ],
            "isFromExtension": true,
            "funcSelfKind": "NonMutating"
          }
        ],
        "declKind": "Class",
        "usr": "c:@M@AdvergicSDK@objc(cs)AdvergicSDKClass",
        "mangledName": "$s11AdvergicSDK0A8SDKClassC",
        "moduleName": "AdvergicSDK",
        "declAttributes": [
          "AccessControl",
          "ObjC"
        ],
        "superclassUsr": "c:objc(cs)NSObject",
        "inheritsConvenienceInitializers": true,
        "superclassNames": [
          "ObjectiveC.NSObject"
        ],
        "conformances": [
          {
            "kind": "Conformance",
            "name": "Copyable",
            "printedName": "Copyable",
            "usr": "s:s8CopyableP",
            "mangledName": "$ss8CopyableP"
          },
          {
            "kind": "Conformance",
            "name": "Escapable",
            "printedName": "Escapable",
            "usr": "s:s9EscapableP",
            "mangledName": "$ss9EscapableP"
          },
          {
            "kind": "Conformance",
            "name": "Equatable",
            "printedName": "Equatable",
            "usr": "s:SQ",
            "mangledName": "$sSQ"
          },
          {
            "kind": "Conformance",
            "name": "Hashable",
            "printedName": "Hashable",
            "usr": "s:SH",
            "mangledName": "$sSH"
          },
          {
            "kind": "Conformance",
            "name": "CVarArg",
            "printedName": "CVarArg",
            "usr": "s:s7CVarArgP",
            "mangledName": "$ss7CVarArgP"
          },
          {
            "kind": "Conformance",
            "name": "_KeyValueCodingAndObservingPublishing",
            "printedName": "_KeyValueCodingAndObservingPublishing",
            "usr": "s:10Foundation37_KeyValueCodingAndObservingPublishingP",
            "mangledName": "$s10Foundation37_KeyValueCodingAndObservingPublishingP"
          },
          {
            "kind": "Conformance",
            "name": "_KeyValueCodingAndObserving",
            "printedName": "_KeyValueCodingAndObserving",
            "usr": "s:10Foundation27_KeyValueCodingAndObservingP",
            "mangledName": "$s10Foundation27_KeyValueCodingAndObservingP"
          },
          {
            "kind": "Conformance",
            "name": "CustomStringConvertible",
            "printedName": "CustomStringConvertible",
            "usr": "s:s23CustomStringConvertibleP",
            "mangledName": "$ss23CustomStringConvertibleP"
          },
          {
            "kind": "Conformance",
            "name": "CustomDebugStringConvertible",
            "printedName": "CustomDebugStringConvertible",
            "usr": "s:s28CustomDebugStringConvertibleP",
            "mangledName": "$ss28CustomDebugStringConvertibleP"
          }
        ]
      },
      {
        "kind": "Import",
        "name": "Foundation",
        "printedName": "Foundation",
        "declKind": "Import",
        "moduleName": "AdvergicSDK",
        "declAttributes": [
          "RawDocComment"
        ]
      },
      {
        "kind": "Import",
        "name": "Foundation",
        "printedName": "Foundation",
        "declKind": "Import",
        "moduleName": "AdvergicSDK",
        "declAttributes": [
          "RawDocComment"
        ]
      },
      {
        "kind": "TypeDecl",
        "name": "Banner",
        "printedName": "Banner",
        "children": [
          {
            "kind": "Var",
            "name": "sizes",
            "printedName": "sizes",
            "children": [
              {
                "kind": "TypeNominal",
                "name": "Array",
                "printedName": "[[Swift.String]]",
                "children": [
                  {
                    "kind": "TypeNominal",
                    "name": "Array",
                    "printedName": "[Swift.String]",
                    "children": [
                      {
                        "kind": "TypeNominal",
                        "name": "String",
                        "printedName": "Swift.String",
                        "usr": "s:SS"
                      }
                    ],
                    "usr": "s:Sa"
                  }
                ],
                "usr": "s:Sa"
              }
            ],
            "declKind": "Var",
            "usr": "s:11AdvergicSDK6BannerC5sizesSaySaySSGGvp",
            "mangledName": "$s11AdvergicSDK6BannerC5sizesSaySaySSGGvp",
            "moduleName": "AdvergicSDK",
            "declAttributes": [
              "HasStorage",
              "AccessControl",
              "RawDocComment"
            ],
            "hasStorage": true,
            "accessors": [
              {
                "kind": "Accessor",
                "name": "Get",
                "printedName": "Get()",
                "children": [
                  {
                    "kind": "TypeNominal",
                    "name": "Array",
                    "printedName": "[[Swift.String]]",
                    "children": [
                      {
                        "kind": "TypeNominal",
                        "name": "Array",
                        "printedName": "[Swift.String]",
                        "children": [
                          {
                            "kind": "TypeNominal",
                            "name": "String",
                            "printedName": "Swift.String",
                            "usr": "s:SS"
                          }
                        ],
                        "usr": "s:Sa"
                      }
                    ],
                    "usr": "s:Sa"
                  }
                ],
                "declKind": "Accessor",
                "usr": "s:11AdvergicSDK6BannerC5sizesSaySaySSGGvg",
                "mangledName": "$s11AdvergicSDK6BannerC5sizesSaySaySSGGvg",
                "moduleName": "AdvergicSDK",
                "implicit": true,
                "accessorKind": "get"
              },
              {
                "kind": "Accessor",
                "name": "Set",
                "printedName": "Set()",
                "children": [
                  {
                    "kind": "TypeNominal",
                    "name": "Void",
                    "printedName": "()"
                  },
                  {
                    "kind": "TypeNominal",
                    "name": "Array",
                    "printedName": "[[Swift.String]]",
                    "children": [
                      {
                        "kind": "TypeNominal",
                        "name": "Array",
                        "printedName": "[Swift.String]",
                        "children": [
                          {
                            "kind": "TypeNominal",
                            "name": "String",
                            "printedName": "Swift.String",
                            "usr": "s:SS"
                          }
                        ],
                        "usr": "s:Sa"
                      }
                    ],
                    "usr": "s:Sa"
                  }
                ],
                "declKind": "Accessor",
                "usr": "s:11AdvergicSDK6BannerC5sizesSaySaySSGGvs",
                "mangledName": "$s11AdvergicSDK6BannerC5sizesSaySaySSGGvs",
                "moduleName": "AdvergicSDK",
                "implicit": true,
                "accessorKind": "set"
              },
              {
                "kind": "Accessor",
                "name": "Modify",
                "printedName": "Modify()",
                "children": [
                  {
                    "kind": "TypeNominal",
                    "name": "Void",
                    "printedName": "()"
                  }
                ],
                "declKind": "Accessor",
                "usr": "s:11AdvergicSDK6BannerC5sizesSaySaySSGGvM",
                "mangledName": "$s11AdvergicSDK6BannerC5sizesSaySaySSGGvM",
                "moduleName": "AdvergicSDK",
                "implicit": true,
                "accessorKind": "_modify"
              }
            ]
          }
        ],
        "declKind": "Class",
        "usr": "c:@M@AdvergicSDK@objc(cs)Banner",
        "mangledName": "$s11AdvergicSDK6BannerC",
        "moduleName": "AdvergicSDK",
        "declAttributes": [
          "AccessControl",
          "ObjC"
        ],
        "superclassUsr": "c:objc(cs)NSObject",
        "hasMissingDesignatedInitializers": true,
        "inheritsConvenienceInitializers": true,
        "superclassNames": [
          "ObjectiveC.NSObject"
        ],
        "conformances": [
          {
            "kind": "Conformance",
            "name": "Copyable",
            "printedName": "Copyable",
            "usr": "s:s8CopyableP",
            "mangledName": "$ss8CopyableP"
          },
          {
            "kind": "Conformance",
            "name": "Escapable",
            "printedName": "Escapable",
            "usr": "s:s9EscapableP",
            "mangledName": "$ss9EscapableP"
          },
          {
            "kind": "Conformance",
            "name": "Equatable",
            "printedName": "Equatable",
            "usr": "s:SQ",
            "mangledName": "$sSQ"
          },
          {
            "kind": "Conformance",
            "name": "Hashable",
            "printedName": "Hashable",
            "usr": "s:SH",
            "mangledName": "$sSH"
          },
          {
            "kind": "Conformance",
            "name": "CVarArg",
            "printedName": "CVarArg",
            "usr": "s:s7CVarArgP",
            "mangledName": "$ss7CVarArgP"
          },
          {
            "kind": "Conformance",
            "name": "_KeyValueCodingAndObservingPublishing",
            "printedName": "_KeyValueCodingAndObservingPublishing",
            "usr": "s:10Foundation37_KeyValueCodingAndObservingPublishingP",
            "mangledName": "$s10Foundation37_KeyValueCodingAndObservingPublishingP"
          },
          {
            "kind": "Conformance",
            "name": "_KeyValueCodingAndObserving",
            "printedName": "_KeyValueCodingAndObserving",
            "usr": "s:10Foundation27_KeyValueCodingAndObservingP",
            "mangledName": "$s10Foundation27_KeyValueCodingAndObservingP"
          },
          {
            "kind": "Conformance",
            "name": "CustomStringConvertible",
            "printedName": "CustomStringConvertible",
            "usr": "s:s23CustomStringConvertibleP",
            "mangledName": "$ss23CustomStringConvertibleP"
          },
          {
            "kind": "Conformance",
            "name": "CustomDebugStringConvertible",
            "printedName": "CustomDebugStringConvertible",
            "usr": "s:s28CustomDebugStringConvertibleP",
            "mangledName": "$ss28CustomDebugStringConvertibleP"
          }
        ]
      },
      {
        "kind": "Import",
        "name": "Foundation",
        "printedName": "Foundation",
        "declKind": "Import",
        "moduleName": "AdvergicSDK",
        "declAttributes": [
          "RawDocComment"
        ]
      },
      {
        "kind": "TypeDecl",
        "name": "Bid",
        "printedName": "Bid",
        "children": [
          {
            "kind": "Var",
            "name": "bidder",
            "printedName": "bidder",
            "children": [
              {
                "kind": "TypeNominal",
                "name": "String",
                "printedName": "Swift.String",
                "usr": "s:SS"
              }
            ],
            "declKind": "Var",
            "usr": "s:11AdvergicSDK3BidC6bidderSSvp",
            "mangledName": "$s11AdvergicSDK3BidC6bidderSSvp",
            "moduleName": "AdvergicSDK",
            "declAttributes": [
              "HasStorage",
              "AccessControl",
              "RawDocComment"
            ],
            "hasStorage": true,
            "accessors": [
              {
                "kind": "Accessor",
                "name": "Get",
                "printedName": "Get()",
                "children": [
                  {
                    "kind": "TypeNominal",
                    "name": "String",
                    "printedName": "Swift.String",
                    "usr": "s:SS"
                  }
                ],
                "declKind": "Accessor",
                "usr": "s:11AdvergicSDK3BidC6bidderSSvg",
                "mangledName": "$s11AdvergicSDK3BidC6bidderSSvg",
                "moduleName": "AdvergicSDK",
                "implicit": true,
                "accessorKind": "get"
              },
              {
                "kind": "Accessor",
                "name": "Set",
                "printedName": "Set()",
                "children": [
                  {
                    "kind": "TypeNominal",
                    "name": "Void",
                    "printedName": "()"
                  },
                  {
                    "kind": "TypeNominal",
                    "name": "String",
                    "printedName": "Swift.String",
                    "usr": "s:SS"
                  }
                ],
                "declKind": "Accessor",
                "usr": "s:11AdvergicSDK3BidC6bidderSSvs",
                "mangledName": "$s11AdvergicSDK3BidC6bidderSSvs",
                "moduleName": "AdvergicSDK",
                "implicit": true,
                "accessorKind": "set"
              },
              {
                "kind": "Accessor",
                "name": "Modify",
                "printedName": "Modify()",
                "children": [
                  {
                    "kind": "TypeNominal",
                    "name": "Void",
                    "printedName": "()"
                  }
                ],
                "declKind": "Accessor",
                "usr": "s:11AdvergicSDK3BidC6bidderSSvM",
                "mangledName": "$s11AdvergicSDK3BidC6bidderSSvM",
                "moduleName": "AdvergicSDK",
                "implicit": true,
                "accessorKind": "_modify"
              }
            ]
          },
          {
            "kind": "Var",
            "name": "size",
            "printedName": "size",
            "children": [
              {
                "kind": "TypeNominal",
                "name": "Array",
                "printedName": "[[Swift.String]]",
                "children": [
                  {
                    "kind": "TypeNominal",
                    "name": "Array",
                    "printedName": "[Swift.String]",
                    "children": [
                      {
                        "kind": "TypeNominal",
                        "name": "String",
                        "printedName": "Swift.String",
                        "usr": "s:SS"
                      }
                    ],
                    "usr": "s:Sa"
                  }
                ],
                "usr": "s:Sa"
              }
            ],
            "declKind": "Var",
            "usr": "s:11AdvergicSDK3BidC4sizeSaySaySSGGvp",
            "mangledName": "$s11AdvergicSDK3BidC4sizeSaySaySSGGvp",
            "moduleName": "AdvergicSDK",
            "declAttributes": [
              "HasStorage",
              "AccessControl"
            ],
            "hasStorage": true,
            "accessors": [
              {
                "kind": "Accessor",
                "name": "Get",
                "printedName": "Get()",
                "children": [
                  {
                    "kind": "TypeNominal",
                    "name": "Array",
                    "printedName": "[[Swift.String]]",
                    "children": [
                      {
                        "kind": "TypeNominal",
                        "name": "Array",
                        "printedName": "[Swift.String]",
                        "children": [
                          {
                            "kind": "TypeNominal",
                            "name": "String",
                            "printedName": "Swift.String",
                            "usr": "s:SS"
                          }
                        ],
                        "usr": "s:Sa"
                      }
                    ],
                    "usr": "s:Sa"
                  }
                ],
                "declKind": "Accessor",
                "usr": "s:11AdvergicSDK3BidC4sizeSaySaySSGGvg",
                "mangledName": "$s11AdvergicSDK3BidC4sizeSaySaySSGGvg",
                "moduleName": "AdvergicSDK",
                "implicit": true,
                "accessorKind": "get"
              },
              {
                "kind": "Accessor",
                "name": "Set",
                "printedName": "Set()",
                "children": [
                  {
                    "kind": "TypeNominal",
                    "name": "Void",
                    "printedName": "()"
                  },
                  {
                    "kind": "TypeNominal",
                    "name": "Array",
                    "printedName": "[[Swift.String]]",
                    "children": [
                      {
                        "kind": "TypeNominal",
                        "name": "Array",
                        "printedName": "[Swift.String]",
                        "children": [
                          {
                            "kind": "TypeNominal",
                            "name": "String",
                            "printedName": "Swift.String",
                            "usr": "s:SS"
                          }
                        ],
                        "usr": "s:Sa"
                      }
                    ],
                    "usr": "s:Sa"
                  }
                ],
                "declKind": "Accessor",
                "usr": "s:11AdvergicSDK3BidC4sizeSaySaySSGGvs",
                "mangledName": "$s11AdvergicSDK3BidC4sizeSaySaySSGGvs",
                "moduleName": "AdvergicSDK",
                "implicit": true,
                "accessorKind": "set"
              },
              {
                "kind": "Accessor",
                "name": "Modify",
                "printedName": "Modify()",
                "children": [
                  {
                    "kind": "TypeNominal",
                    "name": "Void",
                    "printedName": "()"
                  }
                ],
                "declKind": "Accessor",
                "usr": "s:11AdvergicSDK3BidC4sizeSaySaySSGGvM",
                "mangledName": "$s11AdvergicSDK3BidC4sizeSaySaySSGGvM",
                "moduleName": "AdvergicSDK",
                "implicit": true,
                "accessorKind": "_modify"
              }
            ]
          },
          {
            "kind": "Var",
            "name": "params",
            "printedName": "params",
            "children": [
              {
                "kind": "TypeNominal",
                "name": "Dictionary",
                "printedName": "[Swift.String : Swift.String]",
                "children": [
                  {
                    "kind": "TypeNominal",
                    "name": "String",
                    "printedName": "Swift.String",
                    "usr": "s:SS"
                  },
                  {
                    "kind": "TypeNominal",
                    "name": "String",
                    "printedName": "Swift.String",
                    "usr": "s:SS"
                  }
                ],
                "usr": "s:SD"
              }
            ],
            "declKind": "Var",
            "usr": "s:11AdvergicSDK3BidC6paramsSDyS2SGvp",
            "mangledName": "$s11AdvergicSDK3BidC6paramsSDyS2SGvp",
            "moduleName": "AdvergicSDK",
            "declAttributes": [
              "HasStorage",
              "AccessControl"
            ],
            "hasStorage": true,
            "accessors": [
              {
                "kind": "Accessor",
                "name": "Get",
                "printedName": "Get()",
                "children": [
                  {
                    "kind": "TypeNominal",
                    "name": "Dictionary",
                    "printedName": "[Swift.String : Swift.String]",
                    "children": [
                      {
                        "kind": "TypeNominal",
                        "name": "String",
                        "printedName": "Swift.String",
                        "usr": "s:SS"
                      },
                      {
                        "kind": "TypeNominal",
                        "name": "String",
                        "printedName": "Swift.String",
                        "usr": "s:SS"
                      }
                    ],
                    "usr": "s:SD"
                  }
                ],
                "declKind": "Accessor",
                "usr": "s:11AdvergicSDK3BidC6paramsSDyS2SGvg",
                "mangledName": "$s11AdvergicSDK3BidC6paramsSDyS2SGvg",
                "moduleName": "AdvergicSDK",
                "implicit": true,
                "accessorKind": "get"
              },
              {
                "kind": "Accessor",
                "name": "Set",
                "printedName": "Set()",
                "children": [
                  {
                    "kind": "TypeNominal",
                    "name": "Void",
                    "printedName": "()"
                  },
                  {
                    "kind": "TypeNominal",
                    "name": "Dictionary",
                    "printedName": "[Swift.String : Swift.String]",
                    "children": [
                      {
                        "kind": "TypeNominal",
                        "name": "String",
                        "printedName": "Swift.String",
                        "usr": "s:SS"
                      },
                      {
                        "kind": "TypeNominal",
                        "name": "String",
                        "printedName": "Swift.String",
                        "usr": "s:SS"
                      }
                    ],
                    "usr": "s:SD"
                  }
                ],
                "declKind": "Accessor",
                "usr": "s:11AdvergicSDK3BidC6paramsSDyS2SGvs",
                "mangledName": "$s11AdvergicSDK3BidC6paramsSDyS2SGvs",
                "moduleName": "AdvergicSDK",
                "implicit": true,
                "accessorKind": "set"
              },
              {
                "kind": "Accessor",
                "name": "Modify",
                "printedName": "Modify()",
                "children": [
                  {
                    "kind": "TypeNominal",
                    "name": "Void",
                    "printedName": "()"
                  }
                ],
                "declKind": "Accessor",
                "usr": "s:11AdvergicSDK3BidC6paramsSDyS2SGvM",
                "mangledName": "$s11AdvergicSDK3BidC6paramsSDyS2SGvM",
                "moduleName": "AdvergicSDK",
                "implicit": true,
                "accessorKind": "_modify"
              }
            ]
          }
        ],
        "declKind": "Class",
        "usr": "c:@M@AdvergicSDK@objc(cs)Bid",
        "mangledName": "$s11AdvergicSDK3BidC",
        "moduleName": "AdvergicSDK",
        "declAttributes": [
          "AccessControl",
          "ObjC"
        ],
        "superclassUsr": "c:objc(cs)NSObject",
        "hasMissingDesignatedInitializers": true,
        "inheritsConvenienceInitializers": true,
        "superclassNames": [
          "ObjectiveC.NSObject"
        ],
        "conformances": [
          {
            "kind": "Conformance",
            "name": "Copyable",
            "printedName": "Copyable",
            "usr": "s:s8CopyableP",
            "mangledName": "$ss8CopyableP"
          },
          {
            "kind": "Conformance",
            "name": "Escapable",
            "printedName": "Escapable",
            "usr": "s:s9EscapableP",
            "mangledName": "$ss9EscapableP"
          },
          {
            "kind": "Conformance",
            "name": "Equatable",
            "printedName": "Equatable",
            "usr": "s:SQ",
            "mangledName": "$sSQ"
          },
          {
            "kind": "Conformance",
            "name": "Hashable",
            "printedName": "Hashable",
            "usr": "s:SH",
            "mangledName": "$sSH"
          },
          {
            "kind": "Conformance",
            "name": "CVarArg",
            "printedName": "CVarArg",
            "usr": "s:s7CVarArgP",
            "mangledName": "$ss7CVarArgP"
          },
          {
            "kind": "Conformance",
            "name": "_KeyValueCodingAndObservingPublishing",
            "printedName": "_KeyValueCodingAndObservingPublishing",
            "usr": "s:10Foundation37_KeyValueCodingAndObservingPublishingP",
            "mangledName": "$s10Foundation37_KeyValueCodingAndObservingPublishingP"
          },
          {
            "kind": "Conformance",
            "name": "_KeyValueCodingAndObserving",
            "printedName": "_KeyValueCodingAndObserving",
            "usr": "s:10Foundation27_KeyValueCodingAndObservingP",
            "mangledName": "$s10Foundation27_KeyValueCodingAndObservingP"
          },
          {
            "kind": "Conformance",
            "name": "CustomStringConvertible",
            "printedName": "CustomStringConvertible",
            "usr": "s:s23CustomStringConvertibleP",
            "mangledName": "$ss23CustomStringConvertibleP"
          },
          {
            "kind": "Conformance",
            "name": "CustomDebugStringConvertible",
            "printedName": "CustomDebugStringConvertible",
            "usr": "s:s28CustomDebugStringConvertibleP",
            "mangledName": "$ss28CustomDebugStringConvertibleP"
          }
        ]
      },
      {
        "kind": "Import",
        "name": "Foundation",
        "printedName": "Foundation",
        "declKind": "Import",
        "moduleName": "AdvergicSDK",
        "declAttributes": [
          "RawDocComment"
        ]
      },
      {
        "kind": "Import",
        "name": "Foundation",
        "printedName": "Foundation",
        "declKind": "Import",
        "moduleName": "AdvergicSDK",
        "declAttributes": [
          "RawDocComment"
        ]
      },
      {
        "kind": "Import",
        "name": "Foundation",
        "printedName": "Foundation",
        "declKind": "Import",
        "moduleName": "AdvergicSDK",
        "declAttributes": [
          "RawDocComment"
        ]
      },
      {
        "kind": "Import",
        "name": "Foundation",
        "printedName": "Foundation",
        "declKind": "Import",
        "moduleName": "AdvergicSDK",
        "declAttributes": [
          "RawDocComment"
        ]
      },
      {
        "kind": "Import",
        "name": "Foundation",
        "printedName": "Foundation",
        "declKind": "Import",
        "moduleName": "AdvergicSDK",
        "declAttributes": [
          "RawDocComment"
        ]
      },
      {
        "kind": "TypeDecl",
        "name": "Mediatype",
        "printedName": "Mediatype",
        "children": [
          {
            "kind": "Var",
            "name": "banner",
            "printedName": "banner",
            "children": [
              {
                "kind": "TypeNominal",
                "name": "Banner",
                "printedName": "AdvergicSDK.Banner",
                "usr": "c:@M@AdvergicSDK@objc(cs)Banner"
              }
            ],
            "declKind": "Var",
            "usr": "s:11AdvergicSDK9MediatypeC6bannerAA6BannerCvp",
            "mangledName": "$s11AdvergicSDK9MediatypeC6bannerAA6BannerCvp",
            "moduleName": "AdvergicSDK",
            "declAttributes": [
              "HasStorage",
              "AccessControl",
              "RawDocComment"
            ],
            "hasStorage": true,
            "accessors": [
              {
                "kind": "Accessor",
                "name": "Get",
                "printedName": "Get()",
                "children": [
                  {
                    "kind": "TypeNominal",
                    "name": "Banner",
                    "printedName": "AdvergicSDK.Banner",
                    "usr": "c:@M@AdvergicSDK@objc(cs)Banner"
                  }
                ],
                "declKind": "Accessor",
                "usr": "s:11AdvergicSDK9MediatypeC6bannerAA6BannerCvg",
                "mangledName": "$s11AdvergicSDK9MediatypeC6bannerAA6BannerCvg",
                "moduleName": "AdvergicSDK",
                "implicit": true,
                "accessorKind": "get"
              },
              {
                "kind": "Accessor",
                "name": "Set",
                "printedName": "Set()",
                "children": [
                  {
                    "kind": "TypeNominal",
                    "name": "Void",
                    "printedName": "()"
                  },
                  {
                    "kind": "TypeNominal",
                    "name": "Banner",
                    "printedName": "AdvergicSDK.Banner",
                    "usr": "c:@M@AdvergicSDK@objc(cs)Banner"
                  }
                ],
                "declKind": "Accessor",
                "usr": "s:11AdvergicSDK9MediatypeC6bannerAA6BannerCvs",
                "mangledName": "$s11AdvergicSDK9MediatypeC6bannerAA6BannerCvs",
                "moduleName": "AdvergicSDK",
                "implicit": true,
                "accessorKind": "set"
              },
              {
                "kind": "Accessor",
                "name": "Modify",
                "printedName": "Modify()",
                "children": [
                  {
                    "kind": "TypeNominal",
                    "name": "Void",
                    "printedName": "()"
                  }
                ],
                "declKind": "Accessor",
                "usr": "s:11AdvergicSDK9MediatypeC6bannerAA6BannerCvM",
                "mangledName": "$s11AdvergicSDK9MediatypeC6bannerAA6BannerCvM",
                "moduleName": "AdvergicSDK",
                "implicit": true,
                "accessorKind": "_modify"
              }
            ]
          },
          {
            "kind": "Var",
            "name": "video",
            "printedName": "video",
            "children": [
              {
                "kind": "TypeNominal",
                "name": "Video",
                "printedName": "AdvergicSDK.Video",
                "usr": "c:@M@AdvergicSDK@objc(cs)Video"
              }
            ],
            "declKind": "Var",
            "usr": "s:11AdvergicSDK9MediatypeC5videoAA5VideoCvp",
            "mangledName": "$s11AdvergicSDK9MediatypeC5videoAA5VideoCvp",
            "moduleName": "AdvergicSDK",
            "declAttributes": [
              "HasStorage",
              "AccessControl"
            ],
            "hasStorage": true,
            "accessors": [
              {
                "kind": "Accessor",
                "name": "Get",
                "printedName": "Get()",
                "children": [
                  {
                    "kind": "TypeNominal",
                    "name": "Video",
                    "printedName": "AdvergicSDK.Video",
                    "usr": "c:@M@AdvergicSDK@objc(cs)Video"
                  }
                ],
                "declKind": "Accessor",
                "usr": "s:11AdvergicSDK9MediatypeC5videoAA5VideoCvg",
                "mangledName": "$s11AdvergicSDK9MediatypeC5videoAA5VideoCvg",
                "moduleName": "AdvergicSDK",
                "implicit": true,
                "accessorKind": "get"
              },
              {
                "kind": "Accessor",
                "name": "Set",
                "printedName": "Set()",
                "children": [
                  {
                    "kind": "TypeNominal",
                    "name": "Void",
                    "printedName": "()"
                  },
                  {
                    "kind": "TypeNominal",
                    "name": "Video",
                    "printedName": "AdvergicSDK.Video",
                    "usr": "c:@M@AdvergicSDK@objc(cs)Video"
                  }
                ],
                "declKind": "Accessor",
                "usr": "s:11AdvergicSDK9MediatypeC5videoAA5VideoCvs",
                "mangledName": "$s11AdvergicSDK9MediatypeC5videoAA5VideoCvs",
                "moduleName": "AdvergicSDK",
                "implicit": true,
                "accessorKind": "set"
              },
              {
                "kind": "Accessor",
                "name": "Modify",
                "printedName": "Modify()",
                "children": [
                  {
                    "kind": "TypeNominal",
                    "name": "Void",
                    "printedName": "()"
                  }
                ],
                "declKind": "Accessor",
                "usr": "s:11AdvergicSDK9MediatypeC5videoAA5VideoCvM",
                "mangledName": "$s11AdvergicSDK9MediatypeC5videoAA5VideoCvM",
                "moduleName": "AdvergicSDK",
                "implicit": true,
                "accessorKind": "_modify"
              }
            ]
          }
        ],
        "declKind": "Class",
        "usr": "c:@M@AdvergicSDK@objc(cs)Mediatype",
        "mangledName": "$s11AdvergicSDK9MediatypeC",
        "moduleName": "AdvergicSDK",
        "declAttributes": [
          "AccessControl",
          "ObjC"
        ],
        "superclassUsr": "c:objc(cs)NSObject",
        "hasMissingDesignatedInitializers": true,
        "inheritsConvenienceInitializers": true,
        "superclassNames": [
          "ObjectiveC.NSObject"
        ],
        "conformances": [
          {
            "kind": "Conformance",
            "name": "Copyable",
            "printedName": "Copyable",
            "usr": "s:s8CopyableP",
            "mangledName": "$ss8CopyableP"
          },
          {
            "kind": "Conformance",
            "name": "Escapable",
            "printedName": "Escapable",
            "usr": "s:s9EscapableP",
            "mangledName": "$ss9EscapableP"
          },
          {
            "kind": "Conformance",
            "name": "Equatable",
            "printedName": "Equatable",
            "usr": "s:SQ",
            "mangledName": "$sSQ"
          },
          {
            "kind": "Conformance",
            "name": "Hashable",
            "printedName": "Hashable",
            "usr": "s:SH",
            "mangledName": "$sSH"
          },
          {
            "kind": "Conformance",
            "name": "CVarArg",
            "printedName": "CVarArg",
            "usr": "s:s7CVarArgP",
            "mangledName": "$ss7CVarArgP"
          },
          {
            "kind": "Conformance",
            "name": "_KeyValueCodingAndObservingPublishing",
            "printedName": "_KeyValueCodingAndObservingPublishing",
            "usr": "s:10Foundation37_KeyValueCodingAndObservingPublishingP",
            "mangledName": "$s10Foundation37_KeyValueCodingAndObservingPublishingP"
          },
          {
            "kind": "Conformance",
            "name": "_KeyValueCodingAndObserving",
            "printedName": "_KeyValueCodingAndObserving",
            "usr": "s:10Foundation27_KeyValueCodingAndObservingP",
            "mangledName": "$s10Foundation27_KeyValueCodingAndObservingP"
          },
          {
            "kind": "Conformance",
            "name": "CustomStringConvertible",
            "printedName": "CustomStringConvertible",
            "usr": "s:s23CustomStringConvertibleP",
            "mangledName": "$ss23CustomStringConvertibleP"
          },
          {
            "kind": "Conformance",
            "name": "CustomDebugStringConvertible",
            "printedName": "CustomDebugStringConvertible",
            "usr": "s:s28CustomDebugStringConvertibleP",
            "mangledName": "$ss28CustomDebugStringConvertibleP"
          }
        ]
      },
      {
        "kind": "Import",
        "name": "Foundation",
        "printedName": "Foundation",
        "declKind": "Import",
        "moduleName": "AdvergicSDK",
        "declAttributes": [
          "RawDocComment"
        ]
      },
      {
        "kind": "TypeDecl",
        "name": "Publisher",
        "printedName": "Publisher",
        "children": [
          {
            "kind": "Var",
            "name": "name",
            "printedName": "name",
            "children": [
              {
                "kind": "TypeNominal",
                "name": "String",
                "printedName": "Swift.String",
                "usr": "s:SS"
              }
            ],
            "declKind": "Var",
            "usr": "s:11AdvergicSDK9PublisherC4nameSSvp",
            "mangledName": "$s11AdvergicSDK9PublisherC4nameSSvp",
            "moduleName": "AdvergicSDK",
            "declAttributes": [
              "HasStorage",
              "AccessControl",
              "RawDocComment"
            ],
            "hasStorage": true,
            "accessors": [
              {
                "kind": "Accessor",
                "name": "Get",
                "printedName": "Get()",
                "children": [
                  {
                    "kind": "TypeNominal",
                    "name": "String",
                    "printedName": "Swift.String",
                    "usr": "s:SS"
                  }
                ],
                "declKind": "Accessor",
                "usr": "s:11AdvergicSDK9PublisherC4nameSSvg",
                "mangledName": "$s11AdvergicSDK9PublisherC4nameSSvg",
                "moduleName": "AdvergicSDK",
                "implicit": true,
                "accessorKind": "get"
              },
              {
                "kind": "Accessor",
                "name": "Set",
                "printedName": "Set()",
                "children": [
                  {
                    "kind": "TypeNominal",
                    "name": "Void",
                    "printedName": "()"
                  },
                  {
                    "kind": "TypeNominal",
                    "name": "String",
                    "printedName": "Swift.String",
                    "usr": "s:SS"
                  }
                ],
                "declKind": "Accessor",
                "usr": "s:11AdvergicSDK9PublisherC4nameSSvs",
                "mangledName": "$s11AdvergicSDK9PublisherC4nameSSvs",
                "moduleName": "AdvergicSDK",
                "implicit": true,
                "accessorKind": "set"
              },
              {
                "kind": "Accessor",
                "name": "Modify",
                "printedName": "Modify()",
                "children": [
                  {
                    "kind": "TypeNominal",
                    "name": "Void",
                    "printedName": "()"
                  }
                ],
                "declKind": "Accessor",
                "usr": "s:11AdvergicSDK9PublisherC4nameSSvM",
                "mangledName": "$s11AdvergicSDK9PublisherC4nameSSvM",
                "moduleName": "AdvergicSDK",
                "implicit": true,
                "accessorKind": "_modify"
              }
            ]
          }
        ],
        "declKind": "Class",
        "usr": "c:@M@AdvergicSDK@objc(cs)Publisher",
        "mangledName": "$s11AdvergicSDK9PublisherC",
        "moduleName": "AdvergicSDK",
        "declAttributes": [
          "AccessControl",
          "ObjC"
        ],
        "superclassUsr": "c:objc(cs)NSObject",
        "hasMissingDesignatedInitializers": true,
        "inheritsConvenienceInitializers": true,
        "superclassNames": [
          "ObjectiveC.NSObject"
        ],
        "conformances": [
          {
            "kind": "Conformance",
            "name": "Copyable",
            "printedName": "Copyable",
            "usr": "s:s8CopyableP",
            "mangledName": "$ss8CopyableP"
          },
          {
            "kind": "Conformance",
            "name": "Escapable",
            "printedName": "Escapable",
            "usr": "s:s9EscapableP",
            "mangledName": "$ss9EscapableP"
          },
          {
            "kind": "Conformance",
            "name": "Equatable",
            "printedName": "Equatable",
            "usr": "s:SQ",
            "mangledName": "$sSQ"
          },
          {
            "kind": "Conformance",
            "name": "Hashable",
            "printedName": "Hashable",
            "usr": "s:SH",
            "mangledName": "$sSH"
          },
          {
            "kind": "Conformance",
            "name": "CVarArg",
            "printedName": "CVarArg",
            "usr": "s:s7CVarArgP",
            "mangledName": "$ss7CVarArgP"
          },
          {
            "kind": "Conformance",
            "name": "_KeyValueCodingAndObservingPublishing",
            "printedName": "_KeyValueCodingAndObservingPublishing",
            "usr": "s:10Foundation37_KeyValueCodingAndObservingPublishingP",
            "mangledName": "$s10Foundation37_KeyValueCodingAndObservingPublishingP"
          },
          {
            "kind": "Conformance",
            "name": "_KeyValueCodingAndObserving",
            "printedName": "_KeyValueCodingAndObserving",
            "usr": "s:10Foundation27_KeyValueCodingAndObservingP",
            "mangledName": "$s10Foundation27_KeyValueCodingAndObservingP"
          },
          {
            "kind": "Conformance",
            "name": "CustomStringConvertible",
            "printedName": "CustomStringConvertible",
            "usr": "s:s23CustomStringConvertibleP",
            "mangledName": "$ss23CustomStringConvertibleP"
          },
          {
            "kind": "Conformance",
            "name": "CustomDebugStringConvertible",
            "printedName": "CustomDebugStringConvertible",
            "usr": "s:s28CustomDebugStringConvertibleP",
            "mangledName": "$ss28CustomDebugStringConvertibleP"
          }
        ]
      },
      {
        "kind": "Import",
        "name": "Foundation",
        "printedName": "Foundation",
        "declKind": "Import",
        "moduleName": "AdvergicSDK",
        "declAttributes": [
          "RawDocComment"
        ]
      },
      {
        "kind": "TypeDecl",
        "name": "Video",
        "printedName": "Video",
        "children": [
          {
            "kind": "Var",
            "name": "playerSizes",
            "printedName": "playerSizes",
            "children": [
              {
                "kind": "TypeNominal",
                "name": "Array",
                "printedName": "[[Swift.String]]",
                "children": [
                  {
                    "kind": "TypeNominal",
                    "name": "Array",
                    "printedName": "[Swift.String]",
                    "children": [
                      {
                        "kind": "TypeNominal",
                        "name": "String",
                        "printedName": "Swift.String",
                        "usr": "s:SS"
                      }
                    ],
                    "usr": "s:Sa"
                  }
                ],
                "usr": "s:Sa"
              }
            ],
            "declKind": "Var",
            "usr": "s:11AdvergicSDK5VideoC11playerSizesSaySaySSGGvp",
            "mangledName": "$s11AdvergicSDK5VideoC11playerSizesSaySaySSGGvp",
            "moduleName": "AdvergicSDK",
            "declAttributes": [
              "HasStorage",
              "AccessControl",
              "RawDocComment"
            ],
            "hasStorage": true,
            "accessors": [
              {
                "kind": "Accessor",
                "name": "Get",
                "printedName": "Get()",
                "children": [
                  {
                    "kind": "TypeNominal",
                    "name": "Array",
                    "printedName": "[[Swift.String]]",
                    "children": [
                      {
                        "kind": "TypeNominal",
                        "name": "Array",
                        "printedName": "[Swift.String]",
                        "children": [
                          {
                            "kind": "TypeNominal",
                            "name": "String",
                            "printedName": "Swift.String",
                            "usr": "s:SS"
                          }
                        ],
                        "usr": "s:Sa"
                      }
                    ],
                    "usr": "s:Sa"
                  }
                ],
                "declKind": "Accessor",
                "usr": "s:11AdvergicSDK5VideoC11playerSizesSaySaySSGGvg",
                "mangledName": "$s11AdvergicSDK5VideoC11playerSizesSaySaySSGGvg",
                "moduleName": "AdvergicSDK",
                "implicit": true,
                "accessorKind": "get"
              },
              {
                "kind": "Accessor",
                "name": "Set",
                "printedName": "Set()",
                "children": [
                  {
                    "kind": "TypeNominal",
                    "name": "Void",
                    "printedName": "()"
                  },
                  {
                    "kind": "TypeNominal",
                    "name": "Array",
                    "printedName": "[[Swift.String]]",
                    "children": [
                      {
                        "kind": "TypeNominal",
                        "name": "Array",
                        "printedName": "[Swift.String]",
                        "children": [
                          {
                            "kind": "TypeNominal",
                            "name": "String",
                            "printedName": "Swift.String",
                            "usr": "s:SS"
                          }
                        ],
                        "usr": "s:Sa"
                      }
                    ],
                    "usr": "s:Sa"
                  }
                ],
                "declKind": "Accessor",
                "usr": "s:11AdvergicSDK5VideoC11playerSizesSaySaySSGGvs",
                "mangledName": "$s11AdvergicSDK5VideoC11playerSizesSaySaySSGGvs",
                "moduleName": "AdvergicSDK",
                "implicit": true,
                "accessorKind": "set"
              },
              {
                "kind": "Accessor",
                "name": "Modify",
                "printedName": "Modify()",
                "children": [
                  {
                    "kind": "TypeNominal",
                    "name": "Void",
                    "printedName": "()"
                  }
                ],
                "declKind": "Accessor",
                "usr": "s:11AdvergicSDK5VideoC11playerSizesSaySaySSGGvM",
                "mangledName": "$s11AdvergicSDK5VideoC11playerSizesSaySaySSGGvM",
                "moduleName": "AdvergicSDK",
                "implicit": true,
                "accessorKind": "_modify"
              }
            ]
          }
        ],
        "declKind": "Class",
        "usr": "c:@M@AdvergicSDK@objc(cs)Video",
        "mangledName": "$s11AdvergicSDK5VideoC",
        "moduleName": "AdvergicSDK",
        "declAttributes": [
          "AccessControl",
          "ObjC"
        ],
        "superclassUsr": "c:objc(cs)NSObject",
        "hasMissingDesignatedInitializers": true,
        "inheritsConvenienceInitializers": true,
        "superclassNames": [
          "ObjectiveC.NSObject"
        ],
        "conformances": [
          {
            "kind": "Conformance",
            "name": "Copyable",
            "printedName": "Copyable",
            "usr": "s:s8CopyableP",
            "mangledName": "$ss8CopyableP"
          },
          {
            "kind": "Conformance",
            "name": "Escapable",
            "printedName": "Escapable",
            "usr": "s:s9EscapableP",
            "mangledName": "$ss9EscapableP"
          },
          {
            "kind": "Conformance",
            "name": "Equatable",
            "printedName": "Equatable",
            "usr": "s:SQ",
            "mangledName": "$sSQ"
          },
          {
            "kind": "Conformance",
            "name": "Hashable",
            "printedName": "Hashable",
            "usr": "s:SH",
            "mangledName": "$sSH"
          },
          {
            "kind": "Conformance",
            "name": "CVarArg",
            "printedName": "CVarArg",
            "usr": "s:s7CVarArgP",
            "mangledName": "$ss7CVarArgP"
          },
          {
            "kind": "Conformance",
            "name": "_KeyValueCodingAndObservingPublishing",
            "printedName": "_KeyValueCodingAndObservingPublishing",
            "usr": "s:10Foundation37_KeyValueCodingAndObservingPublishingP",
            "mangledName": "$s10Foundation37_KeyValueCodingAndObservingPublishingP"
          },
          {
            "kind": "Conformance",
            "name": "_KeyValueCodingAndObserving",
            "printedName": "_KeyValueCodingAndObserving",
            "usr": "s:10Foundation27_KeyValueCodingAndObservingP",
            "mangledName": "$s10Foundation27_KeyValueCodingAndObservingP"
          },
          {
            "kind": "Conformance",
            "name": "CustomStringConvertible",
            "printedName": "CustomStringConvertible",
            "usr": "s:s23CustomStringConvertibleP",
            "mangledName": "$ss23CustomStringConvertibleP"
          },
          {
            "kind": "Conformance",
            "name": "CustomDebugStringConvertible",
            "printedName": "CustomDebugStringConvertible",
            "usr": "s:s28CustomDebugStringConvertibleP",
            "mangledName": "$ss28CustomDebugStringConvertibleP"
          }
        ]
      }
    ],
    "json_format_version": 8
  },
  "ConstValues": [
    {
      "filePath": "\/Users\/codefreaks\/work\/iOSDev\/ios-test\/AdvergicSDK\/Classes\/SDKFiles\/AdvergicConstants.swift",
      "kind": "StringLiteral",
      "offset": 177,
      "length": 37,
      "value": "\"https:\/\/pbs.advergic.com\/api\/status\""
    },
    {
      "filePath": "\/Users\/codefreaks\/work\/iOSDev\/ios-test\/AdvergicSDK\/Classes\/SDKFiles\/AdvergicConstants.swift",
      "kind": "StringLiteral",
      "offset": 425,
      "length": 47,
      "value": "\"https:\/\/pbs.advergic.com\/api\/openrtb2\/auction\""
    },
    {
      "filePath": "\/Users\/codefreaks\/work\/iOSDev\/ios-test\/AdvergicSDK\/Classes\/SDKFiles\/AdvergicConstants.swift",
      "kind": "StringLiteral",
      "offset": 507,
      "length": 12,
      "value": "\"av-pb-test\""
    },
    {
      "filePath": "\/Users\/codefreaks\/work\/iOSDev\/ios-test\/AdvergicSDK\/Classes\/SDKFiles\/AdvergicConstants.swift",
      "kind": "StringLiteral",
      "offset": 550,
      "length": 38,
      "value": "\"https:\/\/avads.live\/app\/test.new.json\""
    },
    {
      "filePath": "\/Users\/codefreaks\/work\/iOSDev\/ios-test\/AdvergicSDK\/Classes\/SDKFiles\/AdvergicConstants.swift",
      "kind": "StringLiteral",
      "offset": 620,
      "length": 22,
      "value": "\"advergicJsonData.txt\""
    },
    {
      "filePath": "\/Users\/codefreaks\/work\/iOSDev\/ios-test\/AdvergicSDK\/Classes\/SDKFiles\/AdvergicConstants.swift",
      "kind": "StringLiteral",
      "offset": 675,
      "length": 7,
      "value": "\"video\""
    },
    {
      "filePath": "\/Users\/codefreaks\/work\/iOSDev\/ios-test\/AdvergicSDK\/Classes\/SDKFiles\/AdvergicConstants.swift",
      "kind": "StringLiteral",
      "offset": 706,
      "length": 8,
      "value": "\"banner\""
    },
    {
      "filePath": "\/Users\/codefreaks\/work\/iOSDev\/ios-test\/AdvergicSDK\/Classes\/SDKFiles\/AdvergicConstants.swift",
      "kind": "StringLiteral",
      "offset": 744,
      "length": 14,
      "value": "\"interstitial\""
    },
    {
      "filePath": "\/Users\/codefreaks\/work\/iOSDev\/ios-test\/AdvergicSDK\/Classes\/SDKFiles\/AdvergicConstants.swift",
      "kind": "StringLiteral",
      "offset": 787,
      "length": 13,
      "value": "\"multiformat\""
    }
  ]
}